time_iso,run_id,subject,operator,question_no,watch_qid,mode,label,verdict,p_lie,decided_by,quality,reasons,used_for_training,d_gsr,d_hr,d_amp,d_trm,d_tmp,z_gsr,z_hr,z_amp,z_trm,z_tmp
48:58.0,20261008_164801,bank,view,1,600,manual,truth,truth,0.294,rules,100,0,1,-0.0143,30.31,0.553,-0.033,-0.034,-0.01,2.34,3.49,-2.15,-0.43
49:20.5,20261008_164801,bank,view,2,601,manual,truth,truth,0.066,rules,98,0,1,-0.0068,0.26,0.427,-0.019,-0.026,0.15,-0.47,2.24,-1.45,-0.17
49:39.8,20261008_164801,bank,view,3,602,manual,truth,truth,0.303,rules,98,0,1,-0.0026,53.74,0.19,-0.022,-0.005,0.23,4.53,-0.15,-1.59,0.55
50:07.2,20261008_164801,bank,view,4,603,manual,truth,truth,0.069,rules,100,0,1,-0.0046,1.65,0.458,-0.032,-0.04,0.19,-0.34,2.54,-2.14,-0.62
50:25.0,20261008_164801,bank,view,5,604,manual,lie,truth,0.061,rules,94,0,1,-0.0016,-2.73,0.398,-0.069,0.032,0.25,-0.75,1.94,-3.98,1.76
50:42.3,20261008_164801,bank,view,6,605,manual,lie,truth,0.115,rules,98,0,1,-0.0011,10.76,0.46,-0.057,-0.018,0.26,0.51,2.57,-3.37,0.1
51:02.3,20261008_164801,bank,view,7,606,manual,lie,truth,0.086,rules,100,0,1,-0.0029,12.33,0.283,-0.011,0.012,0.22,0.65,0.79,-1.09,1.09
51:21.2,20261008_164801,bank,view,8,607,manual,lie,lie,0.801,rules,96,0,1,-0.0005,62.39,0.586,-0.007,0.037,0.27,5.34,3.83,-0.87,1.92
51:51.7,20261008_164801,bank,view,9,608,manual,truth,truth,0.091,rules,99,0,1,-0.0016,-6.08,0.594,-0.047,-0.001,0.25,-1.07,3.91,-2.85,0.66
52:11.1,20261008_164801,bank,view,10,609,manual,lie,truth,0.039,rules,100,0,1,0.0028,2,0.176,0.001,-0.008,0.34,-0.31,-0.29,-0.49,0.43
52:39.3,20261008_164801,bank,view,11,610,manual,truth,truth,0.256,rules,92,0,1,0.0022,13.8,0.637,-0.091,0.018,0.33,0.79,4.34,-5.08,1.3
52:57.9,20261008_164801,bank,view,12,611,manual,lie,truth,0.087,rules,96,0,1,-0.0004,15.06,0.244,-0.007,0.001,0.27,0.91,0.39,-0.84,0.75
53:18.5,20261008_164801,bank,view,13,612,manual,lie,truth,0.09,rules,100,0,1,0.0005,4.3,0.36,0.009,-0.003,0.29,-0.1,1.56,-0.08,0.62
53:36.2,20261008_164801,bank,view,14,613,manual,truth,truth,0.047,rules,100,0,1,0.0013,3.52,0.246,-0.03,0.029,0.31,-0.17,0.41,-2.03,1.68
53:54.3,20261008_164801,bank,view,15,614,manual,lie,truth,0.034,rules,100,0,1,0.0014,-2.51,0.173,0.008,0.002,0.31,-0.73,-0.32,-0.09,0.75
55:10.8,20261008_164801,bank,view,17,616,manual,lie,truth,0.033,rules,100,0,1,0.0128,10.25,0.016,-0.007,0.003,0.54,0.46,-1.89,-0.87,0.8
55:26.2,20261008_164801,bank,view,18,617,manual,lie,inconclusive,0.351,rules,94,0,1,0.0094,77.8,-0.013,-0.03,0.03,0.47,6.78,-2.19,-2.04,1.71
55:43.8,20261008_164801,bank,view,19,618,manual,lie,truth,0.066,rules,100,0,1,0.0006,0,0.315,-0.005,0.04,0.29,-0.5,1.1,-0.75,2.05
56:04.1,20261008_164801,bank,view,20,619,manual,lie,truth,0.049,rules,100,0,1,0.0023,1.82,0.248,-0.007,0.005,0.33,-0.33,0.44,-0.86,0.87
56:28.3,20261008_164801,bank,view,21,620,manual,lie,truth,0.044,rules,95,2,1,0.0023,0,0,-0.053,0.037,0.33,0,0,-3.14,1.93
56:55.6,20261008_164801,bank,view,22,621,manual,lie,truth,0.118,rules,100,0,1,-0.0005,19.4527,0.2104,0.0159,0.0133,0.27,1.32,0.06,0.28,1.15
57:17.0,20261008_164801,bank,view,23,622,manual,lie,truth,0.076,rules,100,0,1,0.0012,7.02,0.198,0.01,0.069,0.31,0.16,-0.07,-0.03,3
57:39.5,20261008_164801,bank,view,24,623,manual,truth,truth,0.176,rules,92,0,1,0.0045,4.3,0.643,-0.316,0.005,0.37,-0.1,4.4,-16.3,0.88
58:09.8,20261008_164801,bank,view,25,624,manual,truth,truth,0.034,rules,100,0,1,0.001,11.98,0.048,-0.412,0.023,0.3,0.62,-1.57,-21.12,1.47
58:30.8,20261008_164801,bank,view,26,625,manual,truth,truth,0.145,rules,100,0,1,0.0306,46.1,-0.299,-0.042,-0.005,0.89,3.81,-5.06,-2.59,0.52
58:55.8,20261008_164801,bank,view,27,626,manual,lie,truth,0.079,rules,100,0,1,-0.0183,8.73,0.361,-0.02,-0.002,-0.08,0.32,1.57,-1.49,0.64
59:36.6,20261008_164801,bank,view,28,627,manual,lie,truth,0.104,rules,77,2,1,0.0249,0,0,-0.016,0.065,0.78,0,0,-1.33,2.87
00:05.4,20261008_164801,bank,view,29,628,manual,lie,lie,0.701,rules,98,0,1,0.0303,73.77,0.018,0.121,0.015,0.89,6.4,-1.88,5.52,1.22
00:37.7,20261008_164801,bank,view,30,629,manual,lie,truth,0.154,rules,100,0,1,0.0219,-8.02,0.711,-0.022,0.009,0.72,-1.25,5.08,-1.62,1.01
01:10.1,20261008_164801,bank,view,31,630,manual,truth,truth,0.198,rules,93,0,1,0.0128,0.66,0.727,-0.266,-0.005,0.54,-0.44,5.24,-13.8,0.54
01:38.6,20261008_164801,bank,view,32,631,manual,lie,truth,0.339,rules,98,0,1,0.0324,10.48,0.733,-0.033,0.022,0.93,0.48,5.31,-2.15,1.44
02:09.4,20261008_164801,bank,view,33,632,manual,lie,truth,0.301,rules,94,0,1,0.0464,8.25,0.666,-0.109,0.048,1.21,0.27,4.63,-5.99,2.3
02:41.3,20261008_164801,bank,view,34,633,manual,lie,inconclusive,0.493,rules,100,0,1,0.0016,20.2121,0.7258,-0.1896,0.1156,0.31,1.39,5.23,-10,4.56
