time,subject,qid,label,label_name,quality,gsr_ok,ppg_ok,z_gsr,z_hr,z_amp,z_trm,z_tmp,d_gsr,d_hr,d_amp,d_trm,d_tmp,p_model,source
1791442161,วิว,601,1,lie,100,1,1,-2.110,0.000,0.000,0.000,-0.920,-0.0075,0.00,-0.0000,0.0000,0.125,0.024,0
1791442180,วิว,602,0,truth,100,1,1,-2.130,0.000,0.000,0.000,-1.840,-0.0089,0.00,-0.0000,0.0000,0.082,0.021,0
1791442220,วิว,603,0,truth,100,1,1,-2.020,0.000,0.000,0.000,-1.080,-0.0025,0.00,-0.0000,0.0000,0.118,0.023,0
1791442263,วิว,604,0,truth,100,1,1,-2.010,0.000,0.000,0.000,-2.830,-0.0021,0.00,-0.0000,0.0000,0.037,0.021,0
1791442340,วิว,605,0,truth,100,1,1,-1.950,0.000,0.000,0.000,-2.910,0.0014,0.00,-0.0000,0.0000,0.033,0.021,0
1791442420,วิว,606,0,truth,100,1,1,-1.960,0.000,0.000,0.000,-1.780,0.0005,0.00,-0.0000,0.0000,0.085,0.022,0
1791442436,วิว,607,1,lie,100,1,1,-1.950,0.000,0.000,0.000,-1.680,0.0013,0.00,-0.0000,0.0000,0.090,0.022,0
1791442462,วิว,608,1,lie,100,1,1,-1.950,0.000,0.000,0.000,-3.190,0.0013,0.00,-0.0000,0.0000,0.020,0.021,0
1791442488,วิว,609,0,truth,100,1,1,-1.930,0.000,0.000,0.000,-2.550,0.0026,0.00,-0.0000,0.0000,0.049,0.022,0
1791442504,วิว,610,1,lie,100,1,1,-1.950,0.000,0.000,0.000,-1.850,0.0011,0.00,-0.0000,0.0000,0.082,0.022,0
1791442532,วิว,611,0,truth,100,1,1,-1.930,0.000,0.000,0.000,-1.860,0.0023,0.00,-0.0000,0.0000,0.081,0.022,0
1791442546,วิว,612,1,lie,100,1,1,-1.950,0.000,0.000,0.000,-1.890,0.0011,0.00,-0.0000,0.0000,0.080,0.022,0
1791442567,วิว,613,1,lie,100,1,1,-1.960,0.000,0.000,0.000,-2.220,0.0006,0.00,-0.0000,0.0000,0.065,0.021,0
1791442586,วิว,614,0,truth,100,1,1,-1.970,0.000,0.000,0.000,-2.330,0.0003,0.00,-0.0000,0.0000,0.060,0.021,0
1791442600,วิว,615,1,lie,100,1,1,-1.950,0.000,0.000,0.000,-2.110,0.0010,0.00,-0.0000,0.0000,0.070,0.021,0
1791442615,วิว,616,1,lie,100,1,1,-1.950,0.000,0.000,0.000,-2.410,0.0011,0.00,-0.0000,0.0000,0.056,0.021,0
1791442639,วิว,617,1,lie,100,1,1,-1.960,0.000,0.000,0.000,-2.290,0.0004,0.00,-0.0000,0.0000,0.061,0.021,0
1791442784,view,600,0,truth,100,1,1,-1.920,0.000,0.000,0.000,-2.200,0.0028,0.00,-0.0000,0.0000,0.066,0.022,0
1791442802,view,601,1,lie,100,1,1,-2.110,0.000,0.000,0.000,-0.920,-0.0075,0.00,-0.0000,0.0000,0.125,0.024,0
1791442849,view,600,0,truth,100,1,1,-1.920,0.000,0.000,0.000,-2.200,0.0028,0.00,-0.0000,0.0000,0.066,0.022,0
1791442867,view,601,0,truth,100,1,1,-2.110,0.000,0.000,0.000,-0.920,-0.0075,0.00,-0.0000,0.0000,0.125,0.024,0
1791452938,bank,600,0,truth,100,1,1,-0.010,2.340,3.490,-2.150,-0.430,-0.0143,30.31,0.5530,-0.0330,-0.034,0.294,0
1791452960,bank,601,0,truth,98,1,1,0.150,-0.470,2.240,-1.450,-0.170,-0.0068,0.26,0.4270,-0.0190,-0.026,0.066,0
1791452979,bank,602,0,truth,98,1,1,0.230,4.530,-0.150,-1.590,0.550,-0.0026,53.74,0.1900,-0.0220,-0.005,0.303,0
1791453007,bank,603,0,truth,100,1,1,0.190,-0.340,2.540,-2.140,-0.620,-0.0046,1.65,0.4580,-0.0320,-0.040,0.069,0
1791453025,bank,604,1,lie,94,1,1,0.250,-0.750,1.940,-3.980,1.760,-0.0016,-2.73,0.3980,-0.0690,0.032,0.061,0
1791453042,bank,605,1,lie,98,1,1,0.260,0.510,2.570,-3.370,0.100,-0.0011,10.76,0.4600,-0.0570,-0.018,0.115,0
1791453062,bank,606,1,lie,100,1,1,0.220,0.650,0.790,-1.090,1.090,-0.0029,12.33,0.2830,-0.0110,0.012,0.086,0
1791453081,bank,607,1,lie,96,1,1,0.270,5.340,3.830,-0.870,1.920,-0.0005,62.39,0.5860,-0.0070,0.037,0.801,0
1791453111,bank,608,0,truth,99,1,1,0.250,-1.070,3.910,-2.850,0.660,-0.0016,-6.08,0.5940,-0.0470,-0.001,0.091,0
1791453131,bank,609,1,lie,100,1,1,0.340,-0.310,-0.290,-0.490,0.430,0.0028,2.00,0.1760,0.0010,-0.008,0.039,0
1791453159,bank,610,0,truth,92,1,1,0.330,0.790,4.340,-5.080,1.300,0.0022,13.80,0.6370,-0.0910,0.018,0.256,0
1791453177,bank,611,1,lie,96,1,1,0.270,0.910,0.390,-0.840,0.750,-0.0004,15.06,0.2440,-0.0070,0.001,0.087,0
1791453198,bank,612,1,lie,100,1,1,0.290,-0.100,1.560,-0.080,0.620,0.0005,4.30,0.3600,0.0090,-0.003,0.090,0
1791453216,bank,613,0,truth,100,1,1,0.310,-0.170,0.410,-2.030,1.680,0.0013,3.52,0.2460,-0.0300,0.029,0.047,0
1791453234,bank,614,1,lie,100,1,1,0.310,-0.730,-0.320,-0.090,0.750,0.0014,-2.51,0.1730,0.0080,0.002,0.034,0
1791453259,bank,615,0,truth,100,1,1,0.300,-0.520,0.670,-3.900,3.410,0.0011,-0.25,0.2710,-0.0680,0.081,0.053,0
1791453310,bank,616,1,lie,100,1,1,0.540,0.460,-1.890,-0.870,0.800,0.0128,10.25,0.0160,-0.0070,0.003,0.033,0
1791453326,bank,617,1,lie,94,1,1,0.470,6.780,-2.190,-2.040,1.710,0.0094,77.80,-0.0130,-0.0300,0.030,0.351,0
1791453343,bank,618,1,lie,100,1,1,0.290,-0.500,1.100,-0.750,2.050,0.0006,0.00,0.3150,-0.0050,0.040,0.066,0
1791453364,bank,619,1,lie,100,1,1,0.330,-0.330,0.440,-0.860,0.870,0.0023,1.82,0.2480,-0.0070,0.005,0.049,0
1791453388,bank,620,1,lie,95,1,0,0.330,0.000,0.000,-3.140,1.930,0.0023,0.00,0.0000,-0.0530,0.037,0.044,0
1791453415,bank,621,1,lie,100,1,1,0.270,1.320,0.060,0.280,1.150,-0.0005,19.45,0.2104,0.0159,0.013,0.118,0
1791453437,bank,622,1,lie,100,1,1,0.310,0.160,-0.070,-0.030,3.000,0.0012,7.02,0.1980,0.0100,0.069,0.076,0
1791453459,bank,623,0,truth,92,1,1,0.370,-0.100,4.400,-16.300,0.880,0.0045,4.30,0.6430,-0.3160,0.005,0.176,0
1791453489,bank,624,0,truth,100,1,1,0.300,0.620,-1.570,-21.120,1.470,0.0010,11.98,0.0480,-0.4120,0.023,0.034,0
1791453510,bank,625,0,truth,100,1,1,0.890,3.810,-5.060,-2.590,0.520,0.0306,46.10,-0.2990,-0.0420,-0.005,0.145,0
1791453535,bank,626,1,lie,100,1,1,-0.080,0.320,1.570,-1.490,0.640,-0.0183,8.73,0.3610,-0.0200,-0.002,0.079,0
1791453576,bank,627,1,lie,77,1,0,0.780,0.000,0.000,-1.330,2.870,0.0249,0.00,0.0000,-0.0160,0.065,0.104,0
1791453605,bank,628,1,lie,98,1,1,0.890,6.400,-1.880,5.520,1.220,0.0303,73.77,0.0180,0.1210,0.015,0.701,0
1791453637,bank,629,1,lie,100,1,1,0.720,-1.250,5.080,-1.620,1.010,0.0219,-8.02,0.7110,-0.0220,0.009,0.154,0
1791453670,bank,630,0,truth,93,1,1,0.540,-0.440,5.240,-13.800,0.540,0.0128,0.66,0.7270,-0.2660,-0.005,0.198,0
1791453698,bank,631,1,lie,98,1,1,0.930,0.480,5.310,-2.150,1.440,0.0324,10.48,0.7330,-0.0330,0.022,0.339,0
1791453729,bank,632,1,lie,94,1,1,1.210,0.270,4.630,-5.990,2.300,0.0464,8.25,0.6660,-0.1090,0.048,0.301,0
1791453761,bank,633,1,lie,100,1,1,0.310,1.390,5.230,-10.000,4.560,0.0016,20.21,0.7258,-0.1896,0.116,0.493,0
