time_iso,t_sec,run_id,subject,phase,question_no,watch_qid,mode,label,hr_bpm,hrv_ms,ppg_contact,gsr_us,gsr_tonic_us,gsr_phasic_us,gsr_contact,skin_temp_c,tremor_ms2,motion_ms2,stress_index,engine_state,battery_mv
2026-10-08 14:00:45.760,0.0,20261008_140045,view,rest,,,,,84.5,,1,0.21,0.21,0.001,1,38.69,0.049,0.031,23,ready,8
2026-10-08 14:00:45.961,0.2,20261008_140045,view,rest,,,,,84.5,,1,0.211,0.21,0.001,1,38.69,0.049,0.031,23,ready,8
2026-10-08 14:00:46.167,0.41,20261008_140045,view,rest,,,,,84.5,,1,0.21,0.21,0.001,1,38.7,0.049,0.031,23,ready,8
2026-10-08 14:00:46.366,0.61,20261008_140045,view,rest,,,,,84.5,,1,0.21,0.21,0.001,1,38.69,0.049,0.031,23,ready,8
2026-10-08 14:00:46.568,0.81,20261008_140045,view,rest,,,,,84.5,,1,0.211,0.21,0.001,1,38.7,0.049,0.031,23,ready,8
2026-10-08 14:00:46.780,1.02,20261008_140045,view,rest,,,,,84.5,,1,0.211,0.21,0.001,1,38.7,0.049,0.031,23,ready,8
2026-10-08 14:00:46.980,1.22,20261008_140045,view,rest,,,,,84.5,,1,0.211,0.21,0.001,1,38.7,0.049,0.031,23,ready,8
2026-10-08 14:00:47.183,1.42,20261008_140045,view,rest,,,,,84.5,,1,0.211,0.21,0.002,1,38.71,0.049,0.031,23,ready,8
2026-10-08 14:00:47.400,1.64,20261008_140045,view,rest,,,,,84.5,,1,0.211,0.21,0.002,1,38.72,0.049,0.031,23,ready,8
2026-10-08 14:00:47.589,1.83,20261008_140045,view,rest,,,,,84.5,,1,0.212,0.21,0.002,1,38.69,0.049,0.031,23,ready,8
2026-10-08 14:00:47.794,2.03,20261008_140045,view,rest,,,,,84.5,,1,0.211,0.21,0.002,1,38.69,0.049,0.031,23,ready,8
2026-10-08 14:00:47.998,2.24,20261008_140045,view,rest,,,,,84.5,,1,0.212,0.21,0.002,1,38.7,0.049,0.031,23,ready,8
2026-10-08 14:00:48.200,2.44,20261008_140045,view,rest,,,,,84.5,,1,0.211,0.21,0.001,1,38.71,0.049,0.031,23,ready,8
2026-10-08 14:00:48.405,2.65,20261008_140045,view,rest,,,,,84.5,,1,0.211,0.21,0.002,1,38.7,0.049,0.031,23,ready,8
2026-10-08 14:00:48.609,2.85,20261008_140045,view,rest,,,,,84.5,,1,0.211,0.21,0.001,1,38.7,0.049,0.031,23,ready,8
2026-10-08 14:00:48.815,3.06,20261008_140045,view,rest,,,,,84.5,,1,0.211,0.21,0.001,1,38.67,0.049,0.031,23,ready,8
2026-10-08 14:00:49.013,3.25,20261008_140045,view,rest,,,,,84.5,,1,0.211,0.21,0.001,1,38.68,0.049,0.031,23,ready,8
2026-10-08 14:00:49.218,3.46,20261008_140045,view,question,1,600,fix,truth,84.5,,1,0.211,0.21,0.001,1,38.66,0.049,0.031,23,question,8
2026-10-08 14:00:49.427,3.67,20261008_140045,view,question,,,,,84.5,,1,0.205,0.21,-0.005,1,38.6,0.049,0.031,23,question,8
2026-10-08 14:00:49.627,3.87,20261008_140045,view,question,,,,,84.5,,1,0.207,0.21,-0.002,1,38.62,0.049,0.031,23,question,8
2026-10-08 14:00:49.832,4.07,20261008_140045,view,question,,,,,84.5,,1,0.209,0.21,-0.0,1,38.63,0.049,0.031,23,question,8
2026-10-08 14:00:50.037,4.28,20261008_140045,view,question,,,,,84.5,,1,0.21,0.21,0.0,1,38.64,0.049,0.031,23,question,8
2026-10-08 14:00:50.238,4.48,20261008_140045,view,question,,,,,84.5,,1,0.211,0.21,0.001,1,38.64,0.049,0.031,23,question,8
2026-10-08 14:00:50.438,4.68,20261008_140045,view,question,,,,,84.5,,1,0.211,0.21,0.001,1,38.66,0.049,0.031,23,question,8
2026-10-08 14:00:50.647,4.89,20261008_140045,view,question,,,,,84.5,,1,0.211,0.21,0.001,1,38.66,0.049,0.031,23,question,8
2026-10-08 14:00:50.846,5.09,20261008_140045,view,question,,,,,84.5,,1,0.211,0.21,0.001,1,38.67,0.049,0.031,23,question,8
2026-10-08 14:00:51.048,5.29,20261008_140045,view,question,,,,,84.5,,1,0.211,0.21,0.001,1,38.68,0.049,0.031,23,question,8
2026-10-08 14:00:51.254,5.5,20261008_140045,view,question,,,,,84.5,,1,0.212,0.21,0.002,1,38.68,0.049,0.031,23,question,8
2026-10-08 14:00:51.457,5.7,20261008_140045,view,question,,,,,84.5,,1,0.211,0.21,0.001,1,38.69,0.049,0.031,23,question,8
2026-10-08 14:00:51.662,5.9,20261008_140045,view,question,,,,,84.5,,1,0.211,0.21,0.001,1,38.7,0.049,0.031,23,question,8
2026-10-08 14:00:51.865,6.11,20261008_140045,view,question,,,,,84.5,,1,0.212,0.21,0.002,1,38.7,0.049,0.031,23,question,8
2026-10-08 14:00:52.069,6.31,20261008_140045,view,question,,,,,84.5,,1,0.211,0.21,0.001,1,38.71,0.049,0.031,23,question,8
2026-10-08 14:00:52.273,6.51,20261008_140045,view,question,,,,,84.5,,1,0.211,0.21,0.001,1,38.71,0.049,0.031,23,question,8
2026-10-08 14:00:52.479,6.72,20261008_140045,view,question,,,,,84.5,,1,0.211,0.21,0.001,1,38.71,0.049,0.031,23,question,8
2026-10-08 14:00:52.676,6.92,20261008_140045,view,question,,,,,84.5,,1,0.211,0.21,0.001,1,38.71,0.049,0.031,23,question,8
2026-10-08 14:00:52.878,7.12,20261008_140045,view,question,,,,,84.5,,1,0.211,0.21,0.001,1,38.71,0.049,0.031,23,question,8
2026-10-08 14:00:53.084,7.33,20261008_140045,view,question,,,,,84.5,,1,0.211,0.21,0.001,1,38.72,0.049,0.031,23,question,8
2026-10-08 14:00:53.288,7.53,20261008_140045,view,question,,,,,84.5,,1,0.212,0.21,0.001,1,38.72,0.049,0.031,23,question,8
2026-10-08 14:00:53.488,7.73,20261008_140045,view,question,,,,,84.5,,1,0.212,0.21,0.001,1,38.74,0.049,0.031,23,question,8
2026-10-08 14:00:53.695,7.94,20261008_140045,view,question,,,,,84.5,,1,0.203,0.21,-0.007,1,38.65,0.049,0.031,23,question,8
2026-10-08 14:00:53.897,8.14,20261008_140045,view,question,,,,,84.5,,1,0.206,0.21,-0.004,1,38.66,0.049,0.031,23,question,8
2026-10-08 14:00:54.105,8.35,20261008_140045,view,question,,,,,84.5,,1,0.209,0.21,-0.001,1,38.67,0.049,0.031,23,question,8
2026-10-08 14:00:54.307,8.55,20261008_140045,view,question,,,,,84.5,,1,0.209,0.21,-0.001,1,38.68,0.049,0.031,23,question,8
2026-10-08 14:00:54.510,8.75,20261008_140045,view,question,,,,,84.5,,1,0.21,0.21,0.0,1,38.68,0.049,0.031,23,question,8
2026-10-08 14:00:54.716,8.96,20261008_140045,view,question,,,,,84.5,,1,0.211,0.21,0.001,1,38.69,0.049,0.031,23,question,8
2026-10-08 14:00:54.916,9.16,20261008_140045,view,question,,,,,84.5,,1,0.211,0.21,0.001,1,38.69,0.049,0.031,23,question,8
2026-10-08 14:00:55.122,9.36,20261008_140045,view,question,,,,,84.5,,1,0.212,0.21,0.002,1,38.7,0.049,0.031,23,question,8
2026-10-08 14:00:55.324,9.57,20261008_140045,view,question,,,,,84.5,,1,0.212,0.21,0.002,1,38.7,0.049,0.031,23,question,8
2026-10-08 14:00:55.527,9.77,20261008_140045,view,question,,,,,84.5,,1,0.212,0.21,0.002,1,38.71,0.049,0.031,23,question,8
2026-10-08 14:00:55.728,9.97,20261008_140045,view,question,,,,,84.5,,1,0.212,0.21,0.002,1,38.71,0.049,0.031,23,question,8
2026-10-08 14:00:55.934,10.18,20261008_140045,view,question,,,,,84.5,,1,0.212,0.21,0.002,1,38.72,0.049,0.031,23,question,8
2026-10-08 14:00:56.138,10.38,20261008_140045,view,question,,,,,84.5,,1,0.212,0.21,0.002,1,38.72,0.049,0.031,23,question,8
2026-10-08 14:00:56.342,10.58,20261008_140045,view,question,,,,,84.5,,1,0.211,0.21,0.001,1,38.72,0.049,0.031,23,question,8
2026-10-08 14:00:56.545,10.79,20261008_140045,view,question,,,,,84.5,,1,0.211,0.21,0.001,1,38.72,0.049,0.031,23,question,9
2026-10-08 14:00:56.753,10.99,20261008_140045,view,question,,,,,84.5,,1,0.212,0.21,0.002,1,38.73,0.049,0.031,23,question,9
2026-10-08 14:00:56.948,11.19,20261008_140045,view,question,,,,,84.5,,1,0.212,0.21,0.002,1,38.73,0.049,0.031,23,question,9
2026-10-08 14:00:57.154,11.4,20261008_140045,view,question,,,,,84.5,,1,0.212,0.21,0.001,1,38.73,0.049,0.031,23,question,9
2026-10-08 14:00:57.356,11.6,20261008_140045,view,question,,,,,84.5,,1,0.211,0.21,0.001,1,38.74,0.049,0.031,23,question,9
2026-10-08 14:00:57.558,11.8,20261008_140045,view,question,,,,,84.5,,1,0.211,0.21,0.001,1,38.74,0.049,0.031,23,question,9
2026-10-08 14:00:57.765,12.01,20261008_140045,view,question,,,,,84.5,,1,0.202,0.21,-0.008,1,38.69,0.049,0.031,23,question,9
2026-10-08 14:00:57.969,12.21,20261008_140045,view,question,,,,,84.5,,1,0.206,0.21,-0.004,1,38.7,0.049,0.031,23,question,8
2026-10-08 14:00:58.170,12.41,20261008_140045,view,question,,,,,84.5,,1,0.208,0.21,-0.002,1,38.7,0.049,0.031,23,question,8
2026-10-08 14:00:58.374,12.62,20261008_140045,view,question,,,,,84.5,,1,0.21,0.21,-0.0,1,38.71,0.049,0.031,23,question,8
2026-10-08 14:00:58.576,12.82,20261008_140045,view,question,,,,,84.5,,1,0.21,0.21,0.0,1,38.72,0.049,0.031,23,question,8
2026-10-08 14:00:58.778,13.02,20261008_140045,view,question,,,,,84.5,,1,0.211,0.21,0.001,1,38.71,0.049,0.031,23,question,8
2026-10-08 14:00:58.986,13.23,20261008_140045,view,question,,,,,84.5,,1,0.211,0.21,0.001,1,38.72,0.049,0.031,23,question,8
2026-10-08 14:00:59.191,13.43,20261008_140045,view,question,,,,,84.5,,1,0.212,0.21,0.002,1,38.72,0.049,0.031,23,question,8
2026-10-08 14:00:59.389,13.63,20261008_140045,view,question,,,,,84.5,,1,0.211,0.21,0.001,1,38.72,0.049,0.031,23,question,8
2026-10-08 14:00:59.594,13.84,20261008_140045,view,question,,,,,84.5,,1,0.211,0.21,0.001,1,38.73,0.049,0.031,23,question,8
2026-10-08 14:00:59.796,14.04,20261008_140045,view,question,,,,,84.5,,1,0.211,0.21,0.001,1,38.73,0.049,0.031,23,question,9
2026-10-08 14:00:59.998,14.24,20261008_140045,view,question,,,,,84.5,,1,0.212,0.21,0.001,1,38.72,0.049,0.031,23,question,9
2026-10-08 14:01:00.204,14.45,20261008_140045,view,question,,,,,84.5,,1,0.211,0.21,0.001,1,38.73,0.049,0.031,23,question,9
2026-10-08 14:01:00.407,14.65,20261008_140045,view,question,,,,,84.5,,1,0.212,0.21,0.001,1,38.74,0.049,0.031,23,question,9
2026-10-08 14:01:00.608,14.85,20261008_140045,view,question,,,,,84.5,,1,0.211,0.21,0.001,1,38.73,0.049,0.031,23,question,9
2026-10-08 14:01:00.816,15.06,20261008_140045,view,question,,,,,84.5,,1,0.212,0.21,0.001,1,38.74,0.049,0.031,23,question,9
2026-10-08 14:01:01.019,15.26,20261008_140045,view,rest,,,,,84.5,,1,0.212,0.21,0.001,1,38.74,0.049,0.031,23,ready,9
2026-10-08 14:01:01.224,15.47,20261008_140045,view,rest,,,,,84.5,,1,0.211,0.21,0.0,1,38.75,0.049,0.031,23,ready,9
2026-10-08 14:01:01.435,15.68,20261008_140045,view,rest,,,,,84.5,,1,0.211,0.21,0.001,1,38.75,0.049,0.031,23,ready,9
2026-10-08 14:01:01.632,15.87,20261008_140045,view,rest,,,,,84.5,,1,0.211,0.21,0.001,1,38.75,0.049,0.031,23,ready,9
2026-10-08 14:01:01.833,16.07,20261008_140045,view,rest,,,,,84.5,,1,0.211,0.21,0.001,1,38.75,0.049,0.031,23,ready,9
2026-10-08 14:01:02.049,16.29,20261008_140045,view,rest,,,,,84.5,,1,0.211,0.21,0.0,1,38.75,0.049,0.031,23,ready,9
2026-10-08 14:01:02.242,16.48,20261008_140045,view,rest,,,,,84.5,,1,0.21,0.21,-0.0,1,38.74,0.049,0.031,23,ready,8
2026-10-08 14:01:02.443,16.68,20261008_140045,view,rest,,,,,84.5,,1,0.21,0.21,0.0,1,38.75,0.049,0.031,23,ready,8
2026-10-08 14:01:02.651,16.89,20261008_140045,view,rest,,,,,84.5,,1,0.211,0.21,0.0,1,38.76,0.049,0.031,23,ready,8
2026-10-08 14:01:02.852,17.09,20261008_140045,view,rest,,,,,84.5,,1,0.211,0.21,0.001,1,38.76,0.049,0.031,23,ready,8
2026-10-08 14:01:03.054,17.3,20261008_140045,view,rest,,,,,84.5,,1,0.211,0.21,0.001,1,38.76,0.049,0.031,23,ready,8
2026-10-08 14:01:03.259,17.5,20261008_140045,view,rest,,,,,84.5,,1,0.212,0.21,0.001,1,38.76,0.049,0.031,23,ready,8
2026-10-08 14:01:03.461,17.7,20261008_140045,view,rest,,,,,84.5,,1,0.212,0.21,0.001,1,38.76,0.049,0.031,23,ready,8
2026-10-08 14:01:03.663,17.9,20261008_140045,view,rest,,,,,84.5,,1,0.212,0.21,0.001,1,38.76,0.049,0.031,23,ready,8
2026-10-08 14:01:03.869,18.11,20261008_140045,view,rest,,,,,84.5,,1,0.211,0.21,0.0,1,38.66,0.049,0.031,23,ready,8
2026-10-08 14:01:04.071,18.31,20261008_140045,view,rest,,,,,84.5,,1,0.208,0.21,-0.003,1,38.56,0.049,0.031,23,ready,8
2026-10-08 14:01:04.277,18.52,20261008_140045,view,rest,,,,,84.5,,1,0.209,0.21,-0.001,1,38.58,0.049,0.031,23,ready,8
2026-10-08 14:01:04.486,18.73,20261008_140045,view,rest,,,,,84.5,,1,0.21,0.21,-0.001,1,38.6,0.049,0.031,23,ready,8
2026-10-08 14:01:04.690,18.93,20261008_140045,view,rest,,,,,84.5,,1,0.21,0.21,-0.0,1,38.61,0.049,0.031,23,ready,8
2026-10-08 14:01:04.890,19.13,20261008_140045,view,rest,,,,,84.5,,1,0.211,0.21,0.0,1,38.62,0.049,0.031,23,ready,8
2026-10-08 14:01:05.093,19.33,20261008_140045,view,rest,,,,,84.5,,1,0.211,0.21,0.001,1,38.64,0.049,0.031,23,ready,8
2026-10-08 14:01:05.293,19.53,20261008_140045,view,rest,,,,,84.5,,1,0.211,0.21,0.001,1,38.64,0.049,0.031,23,ready,8
2026-10-08 14:01:05.501,19.74,20261008_140045,view,rest,,,,,84.5,,1,0.211,0.21,0.001,1,38.66,0.049,0.031,23,ready,8
2026-10-08 14:01:05.701,19.94,20261008_140045,view,rest,,,,,84.5,,1,0.212,0.21,0.001,1,38.67,0.049,0.031,23,ready,8
2026-10-08 14:01:05.903,20.14,20261008_140045,view,rest,,,,,84.5,,1,0.212,0.21,0.001,1,38.68,0.049,0.031,23,ready,8
2026-10-08 14:01:06.116,20.36,20261008_140045,view,rest,,,,,84.5,,1,0.212,0.21,0.002,1,38.68,0.049,0.031,23,ready,8
2026-10-08 14:01:06.311,20.55,20261008_140045,view,rest,,,,,84.5,,1,0.212,0.21,0.001,1,38.69,0.049,0.031,23,ready,8
2026-10-08 14:01:06.513,20.75,20261008_140045,view,rest,,,,,84.5,,1,0.212,0.21,0.001,1,38.69,0.049,0.031,23,ready,8
2026-10-08 14:01:06.719,20.96,20261008_140045,view,rest,,,,,84.5,,1,0.212,0.21,0.001,1,38.7,0.049,0.031,23,ready,8
2026-10-08 14:01:06.921,21.16,20261008_140045,view,rest,,,,,84.5,,1,0.211,0.21,0.001,1,38.71,0.049,0.031,23,ready,8
2026-10-08 14:01:07.128,21.37,20261008_140045,view,recovery,2,601,fix,truth,84.5,,1,0.212,0.21,0.001,1,38.71,0.049,0.031,23,ready,9
2026-10-08 14:01:07.332,21.57,20261008_140045,view,question,2,601,fix,truth,84.5,,1,0.212,0.211,0.001,1,38.72,0.049,0.031,23,question,9
2026-10-08 14:01:09.397,23.64,20261008_140045,view,question,,,,,84.5,,1,0.209,0.21,-0.001,1,38.66,0.049,0.031,23,question,8
2026-10-08 14:01:09.601,23.84,20261008_140045,view,question,,,,,84.5,,1,0.21,0.21,-0.0,1,38.67,0.049,0.031,23,question,8
2026-10-08 14:01:09.802,24.04,20261008_140045,view,question,,,,,84.5,,1,0.211,0.21,0.0,1,38.68,0.049,0.031,23,question,8
2026-10-08 14:01:10.008,24.25,20261008_140045,view,question,,,,,84.5,,1,0.211,0.21,0.001,1,38.68,0.049,0.031,23,question,8
2026-10-08 14:01:10.216,24.46,20261008_140045,view,question,,,,,84.5,,1,0.211,0.21,0.001,1,38.69,0.049,0.031,23,question,8
2026-10-08 14:01:10.414,24.66,20261008_140045,view,question,,,,,84.5,,1,0.212,0.21,0.001,1,38.7,0.049,0.031,23,question,8
2026-10-08 14:01:10.617,24.86,20261008_140045,view,question,,,,,84.5,,1,0.212,0.21,0.001,1,38.7,0.049,0.031,23,question,8
2026-10-08 14:01:10.831,25.07,20261008_140045,view,question,,,,,84.5,,1,0.212,0.211,0.002,1,38.71,0.049,0.031,23,question,8
2026-10-08 14:01:11.025,25.27,20261008_140045,view,question,,,,,84.5,,1,0.212,0.211,0.001,1,38.71,0.049,0.031,23,question,8
2026-10-08 14:01:11.227,25.47,20261008_140045,view,question,,,,,84.5,,1,0.212,0.211,0.001,1,38.72,0.049,0.031,23,question,8
2026-10-08 14:01:11.430,25.67,20261008_140045,view,question,,,,,84.5,,1,0.212,0.211,0.001,1,38.72,0.049,0.031,23,question,8
2026-10-08 14:01:11.632,25.87,20261008_140045,view,question,,,,,84.5,,1,0.212,0.211,0.001,1,38.72,0.049,0.031,23,question,8
2026-10-08 14:01:11.834,26.08,20261008_140045,view,question,,,,,84.5,,1,0.212,0.211,0.002,1,38.72,0.049,0.031,23,question,8
2026-10-08 14:01:12.040,26.28,20261008_140045,view,question,,,,,84.5,,1,0.212,0.211,0.001,1,38.73,0.049,0.031,23,question,8
2026-10-08 14:01:12.242,26.48,20261008_140045,view,question,,,,,84.5,,1,0.212,0.211,0.001,1,38.74,0.049,0.031,23,question,8
2026-10-08 14:01:12.444,26.68,20261008_140045,view,question,,,,,84.5,,1,0.212,0.211,0.001,1,38.74,0.049,0.031,23,question,8
2026-10-08 14:01:12.652,26.89,20261008_140045,view,question,,,,,84.5,,1,0.212,0.211,0.001,1,38.74,0.049,0.031,23,question,8
2026-10-08 14:01:12.852,27.09,20261008_140045,view,question,,,,,84.5,,1,0.212,0.211,0.001,1,38.74,0.049,0.031,23,question,8
2026-10-08 14:01:13.054,27.29,20261008_140045,view,question,,,,,84.5,,1,0.212,0.211,0.001,1,38.74,0.049,0.031,23,question,8
2026-10-08 14:01:13.269,27.51,20261008_140045,view,question,,,,,84.5,,1,0.212,0.211,0.001,1,38.75,0.049,0.031,23,question,8
2026-10-08 14:01:13.462,27.7,20261008_140045,view,question,,,,,84.5,,1,0.212,0.211,0.002,1,38.75,0.049,0.031,23,question,8
2026-10-08 14:01:13.665,27.91,20261008_140045,view,question,,,,,84.5,,1,0.212,0.211,0.001,1,38.76,0.049,0.031,23,question,8
2026-10-08 14:01:13.871,28.11,20261008_140045,view,question,,,,,84.5,,1,0.202,0.211,-0.009,1,38.61,0.049,0.031,23,question,8
2026-10-08 14:01:14.073,28.31,20261008_140045,view,question,,,,,84.5,,1,0.206,0.211,-0.005,1,38.62,0.049,0.031,23,question,8
2026-10-08 14:01:14.280,28.52,20261008_140045,view,question,,,,,84.5,,1,0.208,0.211,-0.002,1,38.64,0.049,0.031,23,question,8
2026-10-08 14:01:14.482,28.72,20261008_140045,view,question,,,,,84.5,,1,0.209,0.211,-0.001,1,38.66,0.049,0.031,23,question,8
2026-10-08 14:01:14.686,28.93,20261008_140045,view,question,,,,,84.5,,1,0.211,0.211,0.0,1,38.67,0.049,0.031,23,question,8
2026-10-08 14:01:14.892,29.13,20261008_140045,view,question,,,,,84.5,,1,0.211,0.211,0.001,1,38.67,0.049,0.031,23,question,8
2026-10-08 14:01:15.097,29.34,20261008_140045,view,question,,,,,84.5,,1,0.212,0.211,0.001,1,38.68,0.049,0.031,23,question,8
2026-10-08 14:01:15.300,29.54,20261008_140045,view,question,,,,,84.5,,1,0.212,0.211,0.001,1,38.69,0.049,0.031,23,question,8
2026-10-08 14:01:15.503,29.74,20261008_140045,view,question,,,,,84.5,,1,0.212,0.211,0.002,1,38.69,0.049,0.031,23,question,8
2026-10-08 14:01:15.708,29.95,20261008_140045,view,question,,,,,84.5,,1,0.212,0.211,0.002,1,38.7,0.049,0.031,23,question,8
2026-10-08 14:01:15.918,30.16,20261008_140045,view,question,,,,,84.5,,1,0.212,0.211,0.002,1,38.7,0.049,0.031,23,question,8
2026-10-08 14:01:16.121,30.36,20261008_140045,view,question,,,,,84.5,,1,0.212,0.211,0.002,1,38.71,0.049,0.031,23,question,8
2026-10-08 14:01:16.315,30.56,20261008_140045,view,question,,,,,84.5,,1,0.213,0.211,0.002,1,38.71,0.049,0.031,23,question,8
2026-10-08 14:01:16.522,30.76,20261008_140045,view,question,,,,,84.5,,1,0.213,0.211,0.002,1,38.72,0.049,0.031,23,question,8
2026-10-08 14:01:16.724,30.96,20261008_140045,view,question,,,,,84.5,,1,0.213,0.211,0.002,1,38.73,0.049,0.031,23,question,8
2026-10-08 14:01:16.931,31.17,20261008_140045,view,question,,,,,84.5,,1,0.213,0.211,0.002,1,38.73,0.049,0.031,23,question,8
2026-10-08 14:01:17.133,31.37,20261008_140045,view,question,,,,,84.5,,1,0.213,0.211,0.002,1,38.73,0.049,0.031,23,question,8
2026-10-08 14:01:17.339,31.58,20261008_140045,view,question,,,,,84.5,,1,0.213,0.211,0.002,1,38.74,0.049,0.031,23,question,8
2026-10-08 14:01:17.540,31.78,20261008_140045,view,question,,,,,84.5,,1,0.213,0.211,0.002,1,38.74,0.049,0.031,23,question,8
2026-10-08 14:01:17.743,31.98,20261008_140045,view,question,,,,,84.5,,1,0.213,0.211,0.002,1,38.74,0.049,0.031,23,question,8
2026-10-08 14:01:17.944,32.18,20261008_140045,view,question,,,,,84.5,,1,0.213,0.211,0.002,1,38.74,0.049,0.031,23,question,8
2026-10-08 14:01:18.153,32.39,20261008_140045,view,question,,,,,84.5,,1,0.205,0.211,-0.006,1,38.72,0.049,0.031,23,question,8
2026-10-08 14:01:18.352,32.59,20261008_140045,view,question,,,,,84.5,,1,0.206,0.211,-0.005,1,38.72,0.049,0.031,23,question,8
2026-10-08 14:01:18.558,32.8,20261008_140045,view,question,,,,,84.5,,1,0.209,0.211,-0.002,1,38.73,0.049,0.031,23,question,8
2026-10-08 14:01:18.760,33.0,20261008_140045,view,question,,,,,84.5,,1,0.21,0.211,-0.001,1,38.73,0.049,0.031,23,question,8
2026-10-08 14:01:18.962,33.2,20261008_140045,view,question,,,,,84.5,,1,0.211,0.211,0.0,1,38.73,0.049,0.031,23,question,8
2026-10-08 14:01:19.178,33.42,20261008_140045,view,rest,,,,,84.5,,1,0.212,0.211,0.001,1,38.74,0.049,0.031,23,ready,8
2026-10-08 14:01:19.380,33.62,20261008_140045,view,rest,,,,,84.5,,1,0.212,0.211,0.001,1,38.76,0.049,0.031,23,ready,8
2026-10-08 14:01:19.580,33.82,20261008_140045,view,rest,,,,,84.5,,1,0.212,0.211,0.001,1,38.76,0.049,0.031,23,ready,8
2026-10-08 14:01:19.782,34.02,20261008_140045,view,rest,,,,,84.5,,1,0.212,0.211,0.001,1,38.77,0.049,0.031,23,ready,8
2026-10-08 14:01:19.991,34.23,20261008_140045,view,rest,,,,,84.5,,1,0.212,0.211,0.001,1,38.76,0.049,0.031,23,ready,8
2026-10-08 14:01:20.191,34.43,20261008_140045,view,rest,,,,,84.5,,1,0.212,0.211,0.001,1,38.68,0.049,0.031,23,ready,8
2026-10-08 14:01:20.394,34.64,20261008_140045,view,rest,,,,,84.5,,1,0.206,0.211,-0.005,1,38.66,0.049,0.031,23,ready,8
2026-10-08 14:01:20.602,34.84,20261008_140045,view,rest,,,,,84.5,,1,0.209,0.211,-0.002,1,38.67,0.049,0.031,23,ready,8
2026-10-08 14:01:20.801,35.04,20261008_140045,view,rest,,,,,84.5,,1,0.21,0.211,-0.001,1,38.68,0.049,0.031,23,ready,8
2026-10-08 14:01:21.011,35.25,20261008_140045,view,rest,,,,,84.5,,1,0.211,0.211,0.0,1,38.68,0.049,0.031,23,ready,8
2026-10-08 14:01:21.212,35.45,20261008_140045,view,rest,,,,,84.5,,1,0.212,0.211,0.001,1,38.69,0.049,0.031,23,ready,8
2026-10-08 14:01:21.411,35.65,20261008_140045,view,rest,,,,,84.5,,1,0.201,0.211,-0.01,1,38.6,0.049,0.031,23,ready,8
2026-10-08 14:01:21.620,35.86,20261008_140045,view,rest,,,,,84.5,,1,0.206,0.211,-0.005,1,38.61,0.049,0.031,23,ready,8
2026-10-08 14:01:21.819,36.06,20261008_140045,view,rest,,,,,84.5,,1,0.208,0.211,-0.002,1,38.63,0.049,0.031,23,ready,8
2026-10-08 14:01:22.022,36.26,20261008_140045,view,rest,,,,,84.5,,1,0.21,0.211,-0.001,1,38.64,0.049,0.031,23,ready,8
2026-10-08 14:01:22.222,36.46,20261008_140045,view,rest,,,,,84.5,,1,0.21,0.211,-0.0,1,38.67,0.049,0.031,23,ready,8
2026-10-08 14:01:22.430,36.67,20261008_140045,view,rest,,,,,84.5,,1,0.212,0.211,0.001,1,38.7,0.049,0.031,23,ready,8
2026-10-08 14:01:22.632,36.87,20261008_140045,view,rest,,,,,84.5,,1,0.212,0.211,0.001,1,38.71,0.049,0.031,23,ready,8
