time_iso,run_id,source,subject,operator,question_no,watch_qid,mode,question_text,label,feedback,verdict,p_lie,decided_by,quality,reasons,ok_mask,gsr_ok,ppg_ok,used_for_training,d_gsr,d_hr,d_amp,d_trm,d_tmp,z_gsr,z_hr,z_amp,z_trm,z_tmp,note
2026-10-08 23:33:16.762,20261008_233220,studio,jeb,view,1,600,manual,,truth,,inconclusive,0.407,ai_model,62,1,30,0,1,1,0,3.67,0.134,-0.078,0.053,0,0.1,-0.44,-2.47,1.02,
2026-10-08 23:33:34.525,20261008_233220,studio,jeb,view,2,601,manual,,truth,,invalid,0.77,ai_model,45,3,24,0,0,0,0,0,0,-0.0425,0.0291,0,0,0,-1.32,0.22,
2026-10-08 23:33:56.094,20261008_233220,studio,jeb,view,3,602,manual,,lie,,truth,0.24,ai_model,70,1,30,0,1,1,0,24.26,0.557,-0.056,-0.025,0,3.89,1.81,-1.76,-1.58,
2026-10-08 23:34:13.189,20261008_233220,studio,jeb,view,4,603,manual,,truth,,inconclusive,0.372,ai_model,70,1,30,0,1,1,0,19.3,0.51,-0.042,0.041,0,2.97,1.56,-1.31,0.61,
2026-10-08 23:34:28.341,20261008_233220,studio,jeb,view,5,604,manual,,truth,,inconclusive,0.376,ai_model,70,1,30,0,1,1,0,-4,0.224,0.02,0.003,0,-1.31,0.04,0.67,-0.65,
2026-10-08 23:34:45.659,20261008_233220,studio,jeb,view,6,605,manual,,lie,,inconclusive,0.363,ai_model,65,1,30,0,1,1,0,36.04,0.202,0.017,0,0,6.05,-0.08,0.56,-0.75,
2026-10-08 23:35:02.163,20261008_233220,studio,jeb,view,7,606,manual,,truth,,inconclusive,0.621,ai_model,70,1,30,0,1,1,0,1.56,0.232,-0.032,0.142,0,-0.29,0.09,-1,3.98,
2026-10-08 23:35:19.555,20261008_233220,studio,jeb,view,8,607,manual,,lie,,inconclusive,0.416,ai_model,70,1,30,0,1,1,0,5.4678,0.205,-0.0492,0.0493,0,0.43,-0.06,-1.53,0.89,
2026-10-08 23:35:37.368,20261008_233220,studio,jeb,view,9,608,manual,,truth,,inconclusive,0.52,ai_model,67,1,30,0,1,1,0,6.68,0.168,0.041,0.062,0,0.65,-0.25,1.34,1.31,
2026-10-08 23:35:53.734,20261008_233220,studio,jeb,view,10,609,manual,,lie,,inconclusive,0.429,ai_model,70,1,30,0,1,1,0,24.27,0.177,0.017,0.03,0,3.89,-0.21,0.58,0.26,
2026-10-08 23:36:18.131,20261008_233220,studio,jeb,view,11,610,manual,,truth,,inconclusive,0.559,ai_model,70,1,30,0,1,1,0,38.13,-0.054,0.15,0.03,0,6.44,-1.43,4.81,0.25,
2026-10-08 23:36:34.783,20261008_233220,studio,jeb,view,12,611,manual,,lie,,inconclusive,0.374,ai_model,66,1,30,0,1,1,0,0.2,0.563,0.016,0.02,0,-0.54,1.84,0.54,-0.07,
2026-10-08 23:36:50.264,20261008_233220,studio,jeb,view,13,612,manual,,truth,,inconclusive,0.456,ai_model,70,1,30,0,1,1,0,33.29,0.453,0.04,0.048,0,5.55,1.25,1.29,0.85,
2026-10-08 23:37:17.611,20261008_233220,studio,jeb,view,14,613,manual,,lie,,inconclusive,0.47,ai_model,66,1,30,0,1,1,0,-2.14,0.33,0.016,0.055,0,-0.97,0.6,0.55,1.08,
2026-10-08 23:37:34.281,20261008_233220,studio,jeb,view,15,614,manual,,lie,,invalid,0.834,ai_model,48,3,24,0,0,0,0,0,0,-0.07,0.088,0,0,0,-2.21,2.18,
2026-10-08 23:38:00.050,20261008_233220,studio,jeb,view,16,615,manual,,truth,,inconclusive,0.471,ai_model,72,1,30,0,1,1,0,1.5,0.184,0.041,0.039,0,-0.3,-0.17,1.35,0.55,
2026-10-08 23:38:33.366,20261008_233220,studio,jeb,view,17,616,manual,,truth,,inconclusive,0.479,ai_model,79,1,30,0,1,1,0,-0.8829,0.1049,-0.1475,0.1122,0,-0.74,-0.59,-4.67,2.99,
2026-10-08 23:38:58.416,20261008_233220,studio,jeb,view,18,617,manual,,truth,,lie,0.702,ai_model,88,0,31,1,1,1,0.0015,50.41,0.326,0.186,0.04,0.03,8.69,0.58,5.96,0.58,
2026-10-08 23:39:17.000,20261008_233220,studio,jeb,view,19,618,manual,,truth,,inconclusive,0.385,ai_model,78,1,30,0,1,1,0,69.87,0.508,-0.084,0.068,0,12.27,1.54,-2.64,1.5,
2026-10-08 23:39:35.448,20261008_233220,studio,jeb,view,20,619,manual,,truth,,inconclusive,0.622,ai_model,94,0,31,1,1,1,0.0016,16.9,0.168,-0.002,0.06,0.03,2.53,-0.25,-0.03,1.26,
2026-10-08 23:39:54.817,20261008_233220,studio,jeb,view,21,620,manual,,truth,,inconclusive,0.555,ai_model,99,0,31,1,1,1,0.0006,21.47,0.468,-0.002,0.043,0.01,3.37,1.34,-0.02,0.7,
2026-10-08 23:40:19.662,20261008_233220,studio,jeb,view,22,621,manual,,truth,,lie,0.814,ai_model,95,0,31,1,1,1,0.0007,0.98,0.193,0.041,0.16,0.01,-0.4,-0.12,1.35,4.58,
2026-10-08 23:40:37.803,20261008_233220,studio,jeb,view,23,622,manual,,truth,,inconclusive,0.592,ai_model,99,0,31,1,1,1,0.0006,23.26,0.071,0.004,0.04,0.01,3.7,-0.77,0.16,0.57,
2026-10-08 23:40:58.252,20261008_233220,studio,jeb,view,24,623,manual,,truth,,inconclusive,0.604,ai_model,99,0,31,1,1,1,0.0015,2.46,-0.036,-0.002,0.04,0.03,-0.12,-1.33,-0.02,0.6,
2026-10-08 23:41:19.610,20261008_233220,studio,jeb,view,25,624,manual,,truth,,inconclusive,0.545,ai_model,97,0,31,1,1,1,0.0019,42.81,-0.166,-0.023,0.017,0.04,7.3,-2.02,-0.71,-0.19,
2026-10-08 23:41:37.428,20261008_233220,studio,jeb,view,26,625,manual,,lie,,inconclusive,0.626,ai_model,95,0,31,1,1,1,0.0119,2.07,0.726,0.025,0.069,0.24,-0.2,2.7,0.82,1.55,
2026-10-08 23:41:56.074,20261008_233220,studio,jeb,view,27,626,manual,,truth,,inconclusive,0.608,ai_model,100,0,31,1,1,1,0.0084,3.94,0.48,-0.024,0.07,0.17,0.15,1.4,-0.73,1.59,
2026-10-08 23:42:19.758,20261008_233220,studio,jeb,view,28,627,manual,,truth,,inconclusive,0.531,ai_model,97,0,31,1,1,1,-0.0002,0.3451,0.3195,0.0156,0.0172,0,-0.51,0.55,0.53,-0.18,
2026-10-08 23:42:39.950,20261008_233220,studio,jeb,view,29,628,manual,,lie,,lie,0.893,ai_model,78,2,25,1,0,1,0.0087,0,0,0.027,0.035,0.17,0,0,0.89,0.42,
2026-10-08 23:43:01.235,20261008_233220,studio,jeb,view,30,629,manual,,truth,,lie,0.68,ai_model,99,0,31,1,1,1,0.0039,13.7,0.048,0.016,0.075,0.08,1.94,-0.89,0.55,1.76,
