pc_time,watch_ms,mode,state,qid,hr,hrv,ppg_contact,gsr,gsr_tonic,gsr_phasic,gsr_contact,skin_temp,tremor,motion,stress,vbat_mv
1791379921.11,709855,1,2,,60.0,228.2,1,0.097,0.098,-0.001,1,38.61,0.092,0.043,25,9
1791379921.31,710070,1,2,,60.0,228.2,1,0.097,0.098,-0.001,1,38.61,0.083,0.039,24,9
1791379921.52,710270,1,2,,60.0,228.2,1,0.096,0.098,-0.001,1,38.61,0.076,0.035,24,9
1791379921.72,710470,1,2,,60.0,228.2,1,0.096,0.098,-0.001,1,38.61,0.069,0.032,23,9
1791379921.92,710670,1,2,,60.0,228.2,1,0.096,0.098,-0.001,1,38.61,0.062,0.029,23,9
1791379922.13,710870,1,2,,60.0,228.2,1,0.097,0.098,-0.001,1,38.61,0.057,0.026,22,9
1791379922.33,711070,1,2,,60.0,228.2,1,0.097,0.098,-0.001,1,38.61,0.052,0.024,22,9
1791379922.53,711270,1,2,,60.0,228.2,1,0.096,0.097,-0.001,1,38.61,0.047,0.022,21,9
1791379922.74,711470,1,2,,67.6,228.2,1,0.096,0.097,-0.001,1,38.61,0.043,0.02,22,9
1791379922.94,711670,1,2,,67.6,228.2,1,0.096,0.097,-0.001,1,38.61,0.039,0.018,22,9
1791379923.14,711870,1,2,,67.6,228.2,1,0.096,0.097,-0.001,1,38.61,0.036,0.017,22,9
1791379939.51,728244,1,2,,69.6,130.5,1,0.094,0.096,-0.002,1,38.64,0.015,0.004,21,9
1791379939.72,728444,1,2,,69.6,130.5,1,0.095,0.096,-0.001,1,38.64,0.014,0.005,22,9
1791379939.92,728657,1,2,,69.6,130.5,1,0.092,0.096,-0.004,1,38.64,0.039,0.009,22,9
1791379940.13,728857,1,2,,69.6,130.5,1,0.094,0.096,-0.002,1,38.64,0.058,0.018,23,9
1791379940.32,729057,1,2,,69.6,130.5,1,0.094,0.096,-0.002,1,38.64,0.054,0.017,24,9
1791379940.53,729257,1,2,,64.3,130.5,1,0.095,0.096,-0.001,1,38.64,0.049,0.015,23,9
1791379940.73,729457,1,2,,64.3,130.5,1,0.095,0.096,-0.001,1,38.64,0.045,0.014,23,9
1791379940.94,729657,1,2,,64.3,130.5,1,0.096,0.096,-0.0,1,38.64,0.041,0.013,23,9
1791379941.14,729857,1,2,,64.3,130.5,1,0.096,0.096,-0.0,1,38.64,0.038,0.012,23,9
1791379941.34,730057,1,2,,64.3,130.5,1,0.096,0.096,-0.0,1,38.64,0.036,0.011,23,9
1791379941.55,730457,1,2,,62.8,130.6,1,0.096,0.096,0.0,1,38.64,0.03,0.009,22,9
1791379943.57,732468,1,2,,63.7,118.3,1,0.095,0.096,-0.001,1,38.64,0.015,0.004,20,9
1791379943.77,732680,1,2,,63.7,118.3,1,0.095,0.096,-0.001,1,38.64,0.017,0.005,20,9
1791379943.98,732880,1,2,,63.7,147.1,1,0.095,0.096,-0.001,1,38.64,0.016,0.004,20,9
1791379944.18,733080,1,2,,63.7,147.1,1,0.095,0.096,-0.001,1,38.64,0.015,0.004,20,9
1791379944.39,733280,1,2,,63.7,147.1,1,0.095,0.096,-0.001,1,38.64,0.014,0.004,20,9
1791379944.59,733480,1,2,,63.7,147.1,1,0.095,0.096,-0.001,1,38.64,0.015,0.004,20,9
1791379944.79,733680,1,2,,63.7,147.1,1,0.095,0.096,-0.001,1,38.64,0.021,0.009,20,9
1791379944.99,733880,1,2,,63.7,147.1,1,0.093,0.096,-0.003,1,38.6,0.106,0.061,21,9
1791379945.20,734080,1,2,,63.7,147.1,1,0.094,0.096,-0.002,1,38.61,0.102,0.081,22,9
1791379945.40,734280,1,2,,63.7,147.1,1,0.094,0.096,-0.001,1,38.61,0.099,0.103,23,9
1791379945.60,734480,1,2,,63.7,147.1,1,0.095,0.096,-0.001,1,38.61,0.094,0.101,23,9
